Foreword,Foreword,iii
How to use this book,How to use this book,ix
Chapter,1 Physical Education: Relation with other Subjects,.............................1 - 10
Chapter,2 Effects of Physical Activities on Human Body..............................................11,- 22
Chapter,3 Growth and Development during Adolescence.........................................23,- 34
Chapter,4 Individual Games and Sports I,........................35 - 51
Chapter,5 Individual Games and Sports,II.......................52 - 76
Chapter,6 Team Games and Sports I,.............................77 - 110
Chapter,7 Team Games and Sports II,..........................111 - 132
Chapter,8 Yoga for Healthy Living ...............................133,- 164
Chapter,9 Dietary Considerations and Food Quality ........................................165,- 180
Chapter 10 Safety Measures for Healthy,Chapter 10 Safety Measures for Healthy,Living .............181 - 192
Chapter 11,Chapter 11,Healthy Community Living..........................193 - 204
Chapter 12,Chapter 12,Social Health ..............................................205 - 214
Chapter 13,"Health, Sports and Yoga",.............................215 - 223
